"DESCRIPTION","DURATION IN MS","NAME","PARENT SUITE","START TIME","STATUS","STOP TIME","SUB SUITE","SUITE","TEST CLASS","TEST METHOD"
"","634","Create a user","tests.api","2026-09-27","passed","2026-09-27","","test_users","",""
"","2026","UI Logging with right user data","tests.ui","2026-09-27","passed","2026-09-27","","test_users_ui","",""
"","453","Return the products catalogue","tests.api","2026-09-27","passed","2026-09-27","","test_products","",""
"","109","Verify login with correct credentials","tests.api","2026-09-27","passed","2026-09-27","","test_users","",""
"","328","Return the list of brands","tests.api","2026-09-27","passed","2026-09-27","","test_products","",""
"","489","Delete a user","tests.api","2026-09-27","passed","2026-09-27","","test_users","",""
"","2014","UI Log-out","tests.ui","2026-09-27","passed","2026-09-27","","test_users_ui","",""
"","2767","UI delete account","tests.ui","2026-09-27","passed","2026-09-27","","test_users_ui","",""
"","229","Update a user","tests.api","2026-09-27","passed","2026-09-27","","test_users","",""
"","1710","UI add product to cart","tests.ui","2026-09-27","passed","2026-09-27","","test_products_ui","",""
